,0
0,آتشگاه اصفهان
1,آرامگاه الراشد بالله
2,آرامگاه باباقاسم
3,آرامگاه پیربکران
4,آرامگاه سلطان بخت آقا
5,آرامگاه علاءالدین شهشهان
6,آرامگاه علی ابن سهل
7,آرامگاه معروف به ستی فاطمه
8,ارگ شیخ بهایی
9,ارگ گوگد
10,امامزاده ابراهیم
11,امامزاده احمد
12,امامزاده اسماعیل
13,امامزاده پنجه شاه
14,امامزاده جعفر
15,امامزاده شاه زید
16,امامزاده شاه یلان
17,امامزاده طاهر و منصور
18,امامزاده هارون ولایت
19,امامزاده میرنشانه
20,انگورستان ملک
21,بازار اصفهان
22,بازار توانا شهرضا
23,بازار قیصریه
24,باغ فین
25,پل چوبی
26,پل خواجو
27,پل شهرستان
28,پل مارنان
29,توحیدخانه
30,چهل‌ستون
31,حمام جارچی
32,حمام شاه علی
33,حمام شیخ بهایی
34,حمام علیقلی‌آقا
35,خانه امین
36,خانه بروجردی‌ها
37,خانه دکتر رضا اعلم
38,خانه شیخ الاسلام و شرکاء
39,خانه طباطبایی‌ها
40,خانه عباسی‌ها
41,خانه قزوینی‌ها
42,سارویه
43,سردر قیصریه
44,سی‌وسه‌پل
45,شهر زیرزمینی دامنه
46,عالی‌قاپو
47,کاخ هشت بهشت
48,کلیسای بیت اللحم
49,کلیسای گئورگ
50,کلیسای مریم و هاکوپ
51,کلیسای وانک
52,قلعه جلالی
53,مدرسه امامیه (بابا قاسم)
54,مدرسه چهارباغ
55,مدرسه صدر بازار
56,مدرسه کاسه گران
57,مدرسه نیماور
58,مسجد آقا نور
59,مسجد اونج
60,مسجد ایلچی
61,مسجد تبریزی‌ها
62,مسجد جارچی
63,مسجد جامع اصفهان
64,مسجد جامع خوزان
65,مسجد جامع شهرضا
66,مسجد جامع کاشان
67,مسجد جامع گلپایگان
68,مسجد جامع میمه
69,مسجد حاج محمد جعفرآباده‌ای
70,مسجد حکیم
71,مسجد دروازه نو
72,مسجد دشتی
73,مسجد رحیم خان
74,مسجد رکن الملک
75,مسجد سید
76,مسجد شاه
77,مسجد شیخ لطف‌الله
78,مسجد صفا
79,مسجد کاج
80,مسجد مصری
81,مسجد مقصودبیک
82,مسجد هفشویه
83,مناره باقوشخانه
84,منار جنبان
85,مناره چهل دختران (گارلند)
86,مناره دارالضیافه
87,مناره رهروان (رادان)
88,مناره زیار
89,مناره ساربان
90,مناره علی
91,مناره گلپایگان
92,مناره و مسجد جامع برسیان
93,مناره و مسجد جامع گار
94,مناره‌های دردشت
95,موزهٔ تاریخ طبیعی
96,موزهٔ هنرهای تزئینی
97,موزهٔ هنرهای معاصر
